,ts_code,trade_date,open,high,low,close,pre_close,change,pct_chg,vol,amount
0,000929.SZ,20211228,10.01,10.44,9.96,10.32,10.07,0.25,2.4826,157469.95,161227.15
1,000929.SZ,20211227,9.78,10.14,9.5,10.07,9.9,0.17,1.7172,129258.0,128453.211
2,000929.SZ,20211224,10.2,10.52,9.9,9.9,10.54,-0.64,-6.0721,194878.0,198231.538
3,000929.SZ,20211223,9.99,10.8,9.88,10.54,9.85,0.69,7.0051,297502.01,305991.849
4,000929.SZ,20211222,10.17,10.25,9.79,9.85,10.09,-0.24,-2.3786,147035.96,145929.114
5,000929.SZ,20211221,10.18,10.64,9.76,10.09,10.21,-0.12,-1.1753,264451.45,268124.395
6,000929.SZ,20211220,9.36,10.21,9.29,10.21,9.28,0.93,10.0216,166893.68,165739.848
7,000929.SZ,20211217,9.26,9.46,9.13,9.28,9.26,0.02,0.216,70621.0,65624.711
8,000929.SZ,20211216,9.38,9.4,9.18,9.26,9.38,-0.12,-1.2793,53245.0,49237.328
9,000929.SZ,20211215,9.4,9.48,9.24,9.38,9.46,-0.08,-0.8457,71912.0,67146.585
10,000929.SZ,20211214,9.69,9.7,9.37,9.46,9.63,-0.17,-1.7653,85934.01,81360.258
11,000929.SZ,20211213,9.66,9.85,9.55,9.63,9.79,-0.16,-1.6343,94384.94,91105.895
12,000929.SZ,20211210,9.5,9.84,9.45,9.79,9.6,0.19,1.9792,139581.14,134982.565
13,000929.SZ,20211209,9.23,9.64,9.19,9.6,9.23,0.37,4.0087,155198.01,147381.756
14,000929.SZ,20211208,8.92,9.26,8.81,9.23,8.98,0.25,2.784,83973.0,76633.502
15,000929.SZ,20211207,8.99,9.1,8.91,8.98,8.99,-0.01,-0.1112,40909.17,36784.56
16,000929.SZ,20211206,9.01,9.1,8.96,8.99,9.04,-0.05,-0.5531,44003.0,39682.303
17,000929.SZ,20211203,8.89,9.13,8.88,9.04,8.93,0.11,1.2318,63353.0,57412.334
18,000929.SZ,20211202,9.15,9.18,8.93,8.93,9.1,-0.17,-1.8681,50979.67,45817.609
19,000929.SZ,20211201,8.78,9.14,8.78,9.1,8.76,0.34,3.8813,94925.0,85600.917
20,000929.SZ,20211130,8.7,8.86,8.66,8.76,8.69,0.07,0.8055,60221.19,52785.445
21,000929.SZ,20211129,8.5,8.71,8.42,8.69,8.61,0.08,0.9292,38872.0,33435.914
22,000929.SZ,20211126,8.55,8.62,8.45,8.61,8.64,-0.03,-0.3472,33195.76,28255.538
23,000929.SZ,20211125,8.74,8.78,8.59,8.64,8.7,-0.06,-0.6897,40086.0,34661.862
24,000929.SZ,20211124,8.48,8.72,8.47,8.7,8.48,0.22,2.5943,65758.0,56798.886
25,000929.SZ,20211123,8.52,8.56,8.42,8.48,8.54,-0.06,-0.7026,28225.01,23914.552
26,000929.SZ,20211122,8.45,8.57,8.44,8.54,8.49,0.05,0.5889,31678.66,27009.27
27,000929.SZ,20211119,8.39,8.51,8.36,8.49,8.4,0.09,1.0714,32228.0,27310.245
28,000929.SZ,20211118,8.55,8.61,8.39,8.4,8.56,-0.16,-1.8692,44424.17,37709.712
29,000929.SZ,20211117,8.66,8.7,8.4,8.56,8.65,-0.09,-1.0405,46608.54,39635.373
30,000929.SZ,20211116,8.57,8.74,8.57,8.65,8.59,0.06,0.6985,60611.88,52457.956
31,000929.SZ,20211115,8.44,8.67,8.43,8.59,8.43,0.16,1.898,53976.88,46194.332
32,000929.SZ,20211112,8.51,8.52,8.36,8.43,8.5,-0.07,-0.8235,45861.0,38643.24
33,000929.SZ,20211111,8.34,8.5,8.3,8.5,8.41,0.09,1.0702,56456.07,47613.719
34,000929.SZ,20211110,8.72,8.74,8.18,8.41,8.7,-0.29,-3.3333,95973.87,80589.957
35,000929.SZ,20211109,8.8,8.86,8.65,8.7,8.84,-0.14,-1.5837,66618.19,57994.047
36,000929.SZ,20211108,9.0,9.05,8.7,8.84,9.13,-0.29,-3.1763,91012.2,80222.562
37,000929.SZ,20211105,9.23,9.35,9.11,9.13,9.28,-0.15,-1.6164,78265.0,72127.729
38,000929.SZ,20211104,9.18,9.3,9.0,9.28,9.13,0.15,1.6429,94475.0,86834.584
39,000929.SZ,20211103,9.29,9.3,9.05,9.13,9.26,-0.13,-1.4039,59537.94,54450.609
40,000929.SZ,20211102,9.19,9.49,9.06,9.26,9.35,-0.09,-0.9626,116889.18,108107.714
41,000929.SZ,20211101,9.0,9.4,8.9,9.35,9.11,0.24,2.6345,151255.0,139742.834
42,000929.SZ,20211029,8.75,9.22,8.75,9.11,8.77,0.34,3.8769,139211.19,126624.008
43,000929.SZ,20211028,8.71,8.95,8.65,8.77,8.79,-0.02,-0.2275,79421.49,69822.88
44,000929.SZ,20211027,8.95,9.05,8.6,8.79,9.13,-0.34,-3.724,106323.57,93040.207
45,000929.SZ,20211026,9.03,9.32,8.93,9.13,9.03,0.1,1.1074,137340.51,125990.369
46,000929.SZ,20211025,9.0,9.03,8.71,9.03,9.1,-0.07,-0.7692,91486.81,81223.617
47,000929.SZ,20211022,9.24,9.29,8.98,9.1,9.35,-0.25,-2.6738,131971.68,120090.624
48,000929.SZ,20211021,8.99,9.37,8.81,9.35,8.91,0.44,4.9383,217247.23,197776.788
49,000929.SZ,20211020,8.92,9.12,8.81,8.91,9.11,-0.2,-2.1954,169218.3,150689.408
50,000929.SZ,20211019,8.26,9.11,8.26,9.11,8.28,0.83,10.0242,85521.02,76924.217
51,000929.SZ,20211018,8.67,8.72,8.23,8.28,8.73,-0.45,-5.1546,95050.0,79442.161
52,000929.SZ,20211015,8.62,9.23,8.52,8.73,8.54,0.19,2.2248,140435.65,124764.405
53,000929.SZ,20211014,8.64,8.68,8.45,8.54,8.64,-0.1,-1.1574,41450.65,35391.94
54,000929.SZ,20211013,8.49,8.74,8.39,8.64,8.49,0.15,1.7668,65874.94,56568.383
55,000929.SZ,20211012,8.66,8.68,8.35,8.49,8.5,-0.01,-0.1176,50640.94,42927.632
56,000929.SZ,20211011,8.46,8.85,8.33,8.5,8.44,0.06,0.7109,95918.95,82473.33
57,000929.SZ,20211008,7.94,8.49,7.85,8.44,7.89,0.55,6.9708,113181.43,94093.18
58,000929.SZ,20210930,7.86,7.9,7.7,7.89,7.86,0.03,0.3817,31025.04,24268.584
59,000929.SZ,20210929,7.9,8.08,7.8,7.86,8.05,-0.19,-2.3602,50510.6,40088.837
60,000929.SZ,20210928,8.45,8.45,8.0,8.05,8.56,-0.51,-5.9579,88852.08,71705.028
61,000929.SZ,20210927,8.14,8.66,8.11,8.56,8.14,0.42,5.1597,128158.8,108350.705
62,000929.SZ,20210924,8.2,8.3,8.06,8.14,8.18,-0.04,-0.489,48812.0,39972.968
63,000929.SZ,20210923,8.18,8.33,8.12,8.18,8.16,0.02,0.2451,47196.08,38778.866
64,000929.SZ,20210922,8.4,8.43,8.12,8.16,8.5,-0.34,-4.0,57221.07,46875.961
65,000929.SZ,20210917,8.42,8.65,8.18,8.5,8.43,0.07,0.8304,80603.08,67768.885
66,000929.SZ,20210916,8.3,8.6,8.25,8.43,8.32,0.11,1.3221,68816.0,58179.14
67,000929.SZ,20210915,8.2,8.34,8.01,8.32,8.35,-0.03,-0.3593,61284.0,50176.577
68,000929.SZ,20210914,8.28,8.74,8.27,8.35,8.28,0.07,0.8454,88281.01,75035.827
69,000929.SZ,20210913,8.47,8.49,8.26,8.28,8.46,-0.18,-2.1277,42421.55,35247.485
70,000929.SZ,20210910,8.49,8.55,8.34,8.46,8.47,-0.01,-0.1181,42859.93,36202.082
71,000929.SZ,20210909,8.59,8.67,8.4,8.47,8.64,-0.17,-1.9676,70523.03,60074.496
72,000929.SZ,20210908,8.43,8.66,8.36,8.64,8.43,0.21,2.4911,79206.42,67726.862
73,000929.SZ,20210907,8.35,8.48,8.31,8.43,8.42,0.01,0.1188,57573.96,48350.998
74,000929.SZ,20210906,8.27,8.45,8.16,8.42,8.26,0.16,1.937,67437.51,56414.182
75,000929.SZ,20210903,8.19,8.34,8.09,8.26,8.24,0.02,0.2427,53995.55,44507.252
76,000929.SZ,20210902,8.29,8.29,8.13,8.24,8.44,-0.2,-2.3697,55320.01,45444.781
77,000929.SZ,20210901,8.18,8.44,7.71,8.44,8.15,0.29,3.5583,81241.55,66857.966
78,000929.SZ,20210831,8.17,8.28,8.09,8.15,8.18,-0.03,-0.3667,28535.11,23278.373
79,000929.SZ,20210830,8.25,8.31,8.08,8.18,8.26,-0.08,-0.9685,37204.01,30509.302
80,000929.SZ,20210827,8.31,8.45,8.2,8.26,8.38,-0.12,-1.432,39978.0,33188.84
81,000929.SZ,20210826,8.6,8.63,8.36,8.38,8.62,-0.24,-2.7842,47322.1,40023.278
82,000929.SZ,20210825,8.7,8.95,8.6,8.62,8.75,-0.13,-1.4857,67224.01,58740.406
83,000929.SZ,20210824,8.55,9.04,8.55,8.75,8.51,0.24,2.8202,73977.0,65216.373
84,000929.SZ,20210823,8.13,8.55,8.13,8.51,8.18,0.33,4.0342,60532.0,51098.55
85,000929.SZ,20210820,8.56,8.56,8.07,8.18,8.63,-0.45,-5.2144,54886.0,45203.274
86,000929.SZ,20210819,8.77,8.88,8.57,8.63,8.89,-0.26,-2.9246,47233.6,41059.399
87,000929.SZ,20210818,8.7,9.04,8.66,8.89,8.74,0.15,1.7162,46184.61,40872.245
88,000929.SZ,20210817,9.03,9.09,8.7,8.74,9.02,-0.28,-3.1042,53034.0,46900.798
89,000929.SZ,20210816,9.02,9.17,9.0,9.02,9.09,-0.07,-0.7701,40469.0,36727.314
90,000929.SZ,20210813,9.06,9.19,8.99,9.09,9.09,0.0,0.0,49330.02,44794.386
91,000929.SZ,20210812,9.2,9.3,9.04,9.09,9.17,-0.08,-0.8724,52293.0,47811.674
92,000929.SZ,20210811,9.16,9.3,9.08,9.17,9.3,-0.13,-1.3978,65961.78,60466.81
93,000929.SZ,20210810,8.88,9.5,8.88,9.3,8.94,0.36,4.0268,104675.78,96668.009
94,000929.SZ,20210809,8.64,9.04,8.63,8.94,8.72,0.22,2.5229,75826.88,67638.158
95,000929.SZ,20210806,8.86,8.95,8.66,8.72,8.9,-0.18,-2.0225,65298.0,57363.946
96,000929.SZ,20210805,8.96,9.23,8.72,8.9,9.12,-0.22,-2.4123,51129.01,45992.878
97,000929.SZ,20210804,9.1,9.24,9.0,9.12,9.17,-0.05,-0.5453,55276.01,50157.28
98,000929.SZ,20210803,9.18,9.48,9.13,9.17,9.33,-0.16,-1.7149,65319.96,60517.834
99,000929.SZ,20210802,8.91,9.39,8.75,9.33,8.99,0.34,3.782,78589.08,72160.143
100,000929.SZ,20210730,9.28,9.3,8.9,8.99,9.38,-0.39,-4.1578,63638.0,57552.136
101,000929.SZ,20210729,9.49,9.55,9.25,9.38,9.45,-0.07,-0.7407,64529.96,60467.578
102,000929.SZ,20210728,9.07,9.48,8.78,9.45,9.29,0.16,1.7223,95402.71,86701.297
103,000929.SZ,20210727,9.88,9.96,9.29,9.29,9.88,-0.59,-5.9717,86009.33,82741.411
104,000929.SZ,20210726,10.16,10.42,9.58,9.88,10.49,-0.61,-5.8151,125563.03,125411.53
105,000929.SZ,20210723,11.08,11.08,10.4,10.49,10.98,-0.49,-4.4627,145179.01,153485.247
106,000929.SZ,20210722,11.33,11.56,10.85,10.98,11.3,-0.32,-2.8319,129404.43,143390.082
107,000929.SZ,20210721,11.17,11.45,11.07,11.3,11.17,0.13,1.1638,167082.01,188150.831
108,000929.SZ,20210720,10.62,11.32,10.6,11.17,10.75,0.42,3.907,166120.43,183921.525
109,000929.SZ,20210719,10.71,11.11,10.54,10.75,11.02,-0.27,-2.4501,115250.0,124120.579
110,000929.SZ,20210716,11.17,11.32,10.82,11.02,11.4,-0.38,-3.3333,180139.0,198572.776
111,000929.SZ,20210715,10.6,11.55,10.42,11.4,10.72,0.68,6.3433,252527.48,280738.819
112,000929.SZ,20210714,10.58,11.08,10.35,10.72,10.72,0.0,0.0,129557.56,138741.134
113,000929.SZ,20210713,10.5,11.19,10.48,10.72,10.7,0.02,0.1869,130658.43,142043.435
114,000929.SZ,20210712,10.61,10.8,10.39,10.7,10.46,0.24,2.2945,97911.96,104051.198
115,000929.SZ,20210709,10.63,10.75,10.3,10.46,10.77,-0.31,-2.8784,106294.0,110769.062
116,000929.SZ,20210708,11.03,11.1,10.6,10.77,11.3,-0.53,-4.6903,157751.57,170914.65
117,000929.SZ,20210707,11.36,11.71,11.21,11.3,11.47,-0.17,-1.4821,156057.35,178248.051
118,000929.SZ,20210706,10.86,11.5,10.51,11.47,10.85,0.62,5.7143,182198.01,201074.433
119,000929.SZ,20210705,10.84,11.06,10.6,10.85,10.84,0.01,0.0923,97069.01,105601.859
120,000929.SZ,20210702,11.18,11.3,10.68,10.84,11.18,-0.34,-3.0411,104821.01,113571.426
121,000929.SZ,20210701,11.62,11.72,11.12,11.18,11.6,-0.42,-3.6207,143057.01,162199.068
122,000929.SZ,20210630,11.76,12.05,11.48,11.6,11.51,0.09,0.7819,170817.0,199863.43
123,000929.SZ,20210629,11.96,12.0,11.45,11.51,11.81,-0.3,-2.5402,179140.72,208441.788
124,000929.SZ,20210628,11.28,12.34,11.28,11.81,11.33,0.48,4.2365,312949.97,364710.372
125,000929.SZ,20210625,10.4,11.33,10.24,11.33,10.3,1.03,10.0,209396.42,230665.699
126,000929.SZ,20210624,10.65,10.7,10.19,10.3,10.72,-0.42,-3.9179,104195.31,107959.392
127,000929.SZ,20210623,11.0,11.07,10.62,10.72,11.08,-0.36,-3.2491,105038.0,112790.716
128,000929.SZ,20210622,11.05,11.18,10.86,11.08,11.16,-0.08,-0.7168,114461.6,125750.764
129,000929.SZ,20210621,10.88,11.35,10.83,11.16,10.97,0.19,1.732,162588.9,180105.082
130,000929.SZ,20210618,10.9,11.36,10.76,10.97,10.9,0.07,0.6422,234538.02,259724.769
131,000929.SZ,20210617,9.99,10.9,9.91,10.9,9.91,0.99,9.9899,125082.0,134301.075
132,000929.SZ,20210616,10.75,10.79,9.84,9.91,10.87,-0.96,-8.8316,128252.63,131595.544
133,000929.SZ,20210615,10.87,11.02,10.51,10.87,10.95,-0.08,-0.7306,107533.61,115747.011
134,000929.SZ,20210611,10.5,11.09,10.48,10.95,10.68,0.27,2.5281,143736.53,154456.935
135,000929.SZ,20210610,11.2,11.43,10.54,10.68,11.2,-0.52,-4.6429,178793.52,194578.659
136,000929.SZ,20210609,11.51,11.75,11.0,11.2,11.86,-0.66,-5.5649,183283.81,207605.058
137,000929.SZ,20210608,12.6,12.68,11.73,11.86,13.03,-1.17,-8.9793,309447.14,378093.668
138,000929.SZ,20210607,11.93,13.03,11.86,13.03,12.01,1.02,8.4929,359045.21,451376.981
139,000929.SZ,20210604,11.7,12.3,11.43,12.01,11.87,0.14,1.1794,266945.7,315066.085
140,000929.SZ,20210603,12.33,12.68,11.68,11.87,12.18,-0.31,-2.5452,311692.3,377340.025
141,000929.SZ,20210602,11.6,12.97,11.53,12.18,11.79,0.39,3.3079,370485.3,459086.242
142,000929.SZ,20210601,11.12,12.08,11.0,11.79,11.27,0.52,4.614,268678.22,312264.326
143,000929.SZ,20210531,11.04,11.36,10.91,11.27,11.05,0.22,1.991,224020.76,249277.781
144,000929.SZ,20210528,10.55,11.52,10.33,11.05,10.69,0.36,3.3676,259458.18,282008.911
145,000929.SZ,20210527,10.61,10.88,10.4,10.69,10.83,-0.14,-1.2927,157461.34,167319.286
146,000929.SZ,20210526,10.9,11.32,10.67,10.83,11.0,-0.17,-1.5455,205022.39,224201.49
147,000929.SZ,20210525,10.76,11.25,10.42,11.0,10.89,0.11,1.0101,256035.92,276150.665
148,000929.SZ,20210524,10.28,11.03,10.28,10.89,10.28,0.61,5.9339,262732.62,281601.196
149,000929.SZ,20210521,10.49,10.89,10.2,10.28,10.63,-0.35,-3.2926,215753.47,224605.477
150,000929.SZ,20210520,10.63,11.5,10.46,10.63,11.07,-0.44,-3.9747,283426.09,309430.526
151,000929.SZ,20210519,10.8,11.58,10.38,11.07,10.97,0.1,0.9116,383979.08,416857.937
152,000929.SZ,20210518,9.85,10.97,9.85,10.97,9.97,1.0,10.0301,335421.93,358763.875
153,000929.SZ,20210517,10.4,10.6,9.68,9.97,10.64,-0.67,-6.297,314813.04,316589.804
154,000929.SZ,20210514,9.85,10.64,9.69,10.64,9.67,0.97,10.031,345088.59,351514.206
155,000929.SZ,20210513,8.91,9.67,8.9,9.67,8.79,0.88,10.0114,293577.65,274175.087
156,000929.SZ,20210512,8.76,8.85,8.59,8.79,8.9,-0.11,-1.236,124733.01,108541.059
157,000929.SZ,20210511,8.36,9.02,8.36,8.9,8.5,0.4,4.7059,174897.13,153597.005
158,000929.SZ,20210510,8.2,8.53,8.15,8.5,8.29,0.21,2.5332,84194.01,70692.191
159,000929.SZ,20210507,8.6,8.71,8.21,8.29,8.6,-0.31,-3.6047,117045.01,98859.918
160,000929.SZ,20210506,8.15,8.8,8.13,8.6,8.1,0.5,6.1728,133826.07,113634.42
161,000929.SZ,20210430,8.17,8.33,8.07,8.1,8.24,-0.14,-1.699,67561.0,55284.556
162,000929.SZ,20210429,8.48,8.48,7.88,8.24,8.57,-0.33,-3.8506,97023.0,80023.867
163,000929.SZ,20210428,8.16,8.62,8.07,8.57,8.15,0.42,5.1534,145747.11,122213.261
164,000929.SZ,20210427,8.58,8.62,8.1,8.15,8.63,-0.48,-5.562,127019.17,105058.579
165,000929.SZ,20210426,9.32,9.52,8.47,8.63,9.1,-0.47,-5.1648,249304.52,218482.928
166,000929.SZ,20210423,8.33,9.1,8.28,9.1,8.27,0.83,10.0363,107372.64,95780.465
167,000929.SZ,20210422,8.36,8.47,8.2,8.27,8.39,-0.12,-1.4303,113877.53,94575.581
168,000929.SZ,20210421,8.12,8.66,8.1,8.39,8.21,0.18,2.1924,138383.2,115319.328
169,000929.SZ,20210420,7.84,8.47,7.83,8.21,7.97,0.24,3.0113,159239.47,131689.568
170,000929.SZ,20210419,7.53,8.08,7.53,7.97,7.66,0.31,4.047,109512.04,86700.418
171,000929.SZ,20210416,7.32,7.76,7.32,7.66,7.32,0.34,4.6448,90142.01,68502.334
172,000929.SZ,20210415,7.17,7.44,7.16,7.32,7.21,0.11,1.5257,60713.0,44508.985
173,000929.SZ,20210414,7.17,7.27,7.04,7.21,7.16,0.05,0.6983,39276.08,28169.812
174,000929.SZ,20210413,7.21,7.34,7.12,7.16,7.25,-0.09,-1.2414,39546.0,28498.716
175,000929.SZ,20210412,7.2,7.32,7.08,7.25,7.2,0.05,0.6944,43173.52,31068.244
176,000929.SZ,20210409,7.2,7.32,7.09,7.2,7.23,-0.03,-0.4149,34570.58,24877.145
177,000929.SZ,20210408,7.37,7.44,7.22,7.23,7.39,-0.16,-2.1651,45666.0,33359.473
178,000929.SZ,20210407,7.39,7.43,7.27,7.39,7.44,-0.05,-0.672,45106.0,33122.408
179,000929.SZ,20210406,7.29,7.54,7.27,7.44,7.34,0.1,1.3624,48757.0,36130.411
180,000929.SZ,20210402,7.19,7.38,7.19,7.34,7.19,0.15,2.0862,53924.0,39343.407
181,000929.SZ,20210401,7.21,7.3,7.14,7.19,7.25,-0.06,-0.8276,47541.0,34291.287
182,000929.SZ,20210331,7.61,7.62,7.14,7.25,7.64,-0.39,-5.1047,88916.01,64634.686
183,000929.SZ,20210330,7.68,7.82,7.6,7.64,7.68,-0.04,-0.5208,65392.01,50391.595
184,000929.SZ,20210329,7.66,7.88,7.63,7.68,7.7,-0.02,-0.2597,63948.48,49542.245
185,000929.SZ,20210326,7.65,7.89,7.6,7.7,7.71,-0.01,-0.1297,67853.66,52416.401
186,000929.SZ,20210325,8.11,8.21,7.7,7.71,8.28,-0.57,-6.8841,116570.75,91573.466
187,000929.SZ,20210324,8.0,8.7,7.9,8.28,8.13,0.15,1.845,179926.34,149606.089
188,000929.SZ,20210323,7.7,8.15,7.67,8.13,7.79,0.34,4.3646,154554.59,123207.861
189,000929.SZ,20210322,7.68,7.83,7.56,7.79,7.74,0.05,0.646,75925.0,58704.905
190,000929.SZ,20210319,7.7,8.0,7.58,7.74,7.81,-0.07,-0.8963,89619.0,69632.253
191,000929.SZ,20210318,7.94,8.09,7.8,7.81,7.92,-0.11,-1.3889,109861.0,87106.674
192,000929.SZ,20210317,7.86,8.04,7.7,7.92,8.03,-0.11,-1.3699,113425.25,89319.136
193,000929.SZ,20210316,7.86,8.14,7.68,8.03,7.97,0.06,0.7528,153279.87,121382.347
194,000929.SZ,20210315,8.25,8.35,7.8,7.97,8.57,-0.6,-7.0012,169702.27,136358.329
195,000929.SZ,20210312,8.33,8.8,8.13,8.57,8.86,-0.29,-3.2731,222032.46,185855.132
196,000929.SZ,20210311,9.21,9.68,8.81,8.86,8.8,0.06,0.6818,331848.89,305044.526
197,000929.SZ,20210310,7.96,8.8,7.76,8.8,8.0,0.8,10.0,249571.42,213619.041
198,000929.SZ,20210309,7.25,8.0,7.0,8.0,7.27,0.73,10.0413,149414.29,113992.384
199,000929.SZ,20210308,7.9,7.99,7.25,7.27,7.6,-0.33,-4.3421,151675.51,113004.368
200,000929.SZ,20210305,6.88,7.6,6.88,7.6,6.91,0.69,9.9855,75845.21,55714.633
201,000929.SZ,20210304,6.76,6.96,6.72,6.91,6.81,0.1,1.4684,39666.31,27228.252
202,000929.SZ,20210303,6.66,6.82,6.62,6.81,6.72,0.09,1.3393,32164.09,21625.329
203,000929.SZ,20210302,6.81,6.95,6.67,6.72,6.8,-0.08,-1.1765,34608.0,23524.808
204,000929.SZ,20210301,6.84,6.91,6.73,6.8,6.83,-0.03,-0.4392,27448.0,18698.708
205,000929.SZ,20210226,6.75,6.93,6.66,6.83,6.79,0.04,0.5891,29248.0,19864.105
206,000929.SZ,20210225,6.94,6.98,6.77,6.79,6.93,-0.14,-2.0202,27551.0,18815.754
207,000929.SZ,20210224,6.99,7.05,6.8,6.93,7.01,-0.08,-1.1412,47187.56,32756.283
208,000929.SZ,20210223,7.04,7.22,6.97,7.01,7.12,-0.11,-1.5449,40355.29,28603.8
209,000929.SZ,20210222,7.22,7.43,7.0,7.12,7.22,-0.1,-1.385,56837.96,41156.425
210,000929.SZ,20210219,6.9,7.29,6.82,7.22,6.91,0.31,4.4863,51232.0,36246.85
211,000929.SZ,20210218,6.9,7.1,6.8,6.91,6.84,0.07,1.0234,48422.0,33489.551
212,000929.SZ,20210210,6.54,7.18,6.41,6.84,6.54,0.3,4.5872,76054.02,52283.129
213,000929.SZ,20210209,6.28,6.66,6.21,6.54,6.23,0.31,4.9759,41128.0,26478.476
214,000929.SZ,20210208,6.48,6.55,6.22,6.23,6.48,-0.25,-3.858,41486.24,26098.52
215,000929.SZ,20210205,6.58,6.68,6.44,6.48,6.58,-0.1,-1.5198,34365.27,22512.805
216,000929.SZ,20210204,6.68,6.82,6.41,6.58,6.73,-0.15,-2.2288,47203.1,31189.027
217,000929.SZ,20210203,6.93,6.94,6.62,6.73,6.91,-0.18,-2.6049,39353.1,26484.891
218,000929.SZ,20210202,6.89,6.96,6.7,6.91,6.92,-0.01,-0.1445,56613.04,38638.631
219,000929.SZ,20210201,7.13,7.27,6.9,6.92,7.12,-0.2,-2.809,50455.12,35589.604
220,000929.SZ,20210129,7.29,7.58,7.09,7.12,7.33,-0.21,-2.8649,53627.44,39243.852
221,000929.SZ,20210128,7.57,7.66,7.28,7.33,7.56,-0.23,-3.0423,42670.0,31746.632
222,000929.SZ,20210127,7.76,7.85,7.53,7.56,7.8,-0.24,-3.0769,45561.58,34651.72
223,000929.SZ,20210126,8.05,8.1,7.78,7.8,8.11,-0.31,-3.8224,41553.01,32801.256
224,000929.SZ,20210125,8.02,8.3,7.77,8.11,8.17,-0.06,-0.7344,61039.78,49534.785
225,000929.SZ,20210122,8.4,8.5,8.08,8.17,8.46,-0.29,-3.4279,51785.0,42510.827
226,000929.SZ,20210121,8.47,8.63,8.3,8.46,8.49,-0.03,-0.3534,59224.0,49960.222
227,000929.SZ,20210120,8.21,8.54,8.12,8.49,8.37,0.12,1.4337,60859.48,50626.817
228,000929.SZ,20210119,8.25,8.59,8.15,8.37,8.27,0.1,1.2092,69850.0,58793.883
229,000929.SZ,20210118,7.88,8.3,7.76,8.27,7.92,0.35,4.4192,73056.11,59304.521
230,000929.SZ,20210115,7.76,7.95,7.64,7.92,7.73,0.19,2.458,72425.17,56441.966
231,000929.SZ,20210114,8.05,8.08,7.68,7.73,8.09,-0.36,-4.4499,104735.49,81635.99
232,000929.SZ,20210113,8.53,8.93,8.03,8.09,8.46,-0.37,-4.3735,113113.75,95877.367
233,000929.SZ,20210112,8.42,8.77,8.15,8.46,8.63,-0.17,-1.9699,113843.11,96900.585
234,000929.SZ,20210111,9.48,9.48,8.63,8.63,9.59,-0.96,-10.0104,141519.18,123563.459
235,000929.SZ,20210108,9.22,9.8,9.22,9.59,9.4,0.19,2.0213,137157.98,130355.502
236,000929.SZ,20210107,10.06,10.07,9.33,9.4,10.21,-0.81,-7.9334,145826.2,139532.303
237,000929.SZ,20210106,10.8,10.8,9.99,10.21,10.88,-0.67,-6.1581,186004.0,190512.159
238,000929.SZ,20210105,10.79,11.1,10.55,10.88,10.78,0.1,0.9276,201047.85,218265.796
239,000929.SZ,20210104,10.37,10.95,10.37,10.78,10.36,0.42,4.0541,166856.17,179336.74
240,000929.SZ,20201231,10.51,10.93,10.14,10.36,10.43,-0.07,-0.6711,169145.85,177735.665
241,000929.SZ,20201230,10.05,10.8,9.73,10.43,10.04,0.39,3.8845,216637.17,226745.888
242,000929.SZ,20201229,10.7,10.79,9.97,10.04,10.94,-0.9,-8.2267,200181.04,204655.356
243,000929.SZ,20201228,10.1,11.1,10.1,10.94,10.53,0.41,3.8936,274012.7,292460.004
244,000929.SZ,20201225,10.53,11.24,10.53,10.53,11.7,-1.17,-10.0,263213.12,279821.258
245,000929.SZ,20201224,12.02,12.25,11.7,11.7,13.0,-1.3,-10.0,61578.0,73030.61
246,000929.SZ,20201223,12.43,13.68,11.84,13.0,12.46,0.54,4.3339,545380.18,703518.579
247,000929.SZ,20201222,11.0,12.46,10.8,12.46,11.33,1.13,9.9735,429803.91,519893.539
248,000929.SZ,20201221,10.22,11.45,10.1,11.33,10.41,0.92,8.8377,255977.44,284472.513
249,000929.SZ,20201218,9.99,10.96,9.8,10.41,10.25,0.16,1.561,204596.64,210126.59
250,000929.SZ,20201217,10.88,10.99,10.05,10.25,10.24,0.01,0.0977,254640.14,265799.99
251,000929.SZ,20201216,9.2,10.24,9.18,10.24,9.31,0.93,9.9893,76329.43,77215.328
252,000929.SZ,20201215,9.5,9.55,9.08,9.31,9.36,-0.05,-0.5342,70800.82,66273.751
253,000929.SZ,20201214,8.91,9.53,8.85,9.36,9.12,0.24,2.6316,67262.5,62090.763
254,000929.SZ,20201211,9.26,9.5,8.9,9.12,9.29,-0.17,-1.8299,62463.78,57332.448
255,000929.SZ,20201210,9.08,9.6,8.84,9.29,9.21,0.08,0.8686,84889.94,78872.013
256,000929.SZ,20201209,9.45,9.45,9.04,9.21,9.5,-0.29,-3.0526,82589.0,76167.125
257,000929.SZ,20201208,9.08,9.75,8.91,9.5,9.03,0.47,5.2049,115021.2,107695.014
258,000929.SZ,20201207,9.03,9.34,9.0,9.03,9.13,-0.1,-1.0953,58183.08,53220.873
259,000929.SZ,20201204,8.69,9.21,8.69,9.13,8.79,0.34,3.868,76690.31,69368.026
260,000929.SZ,20201203,8.78,8.87,8.68,8.79,8.82,-0.03,-0.3401,33510.01,29385.136
261,000929.SZ,20201202,9.05,9.22,8.79,8.82,9.06,-0.24,-2.649,57816.0,51713.965
262,000929.SZ,20201201,9.16,9.16,8.89,9.06,9.2,-0.14,-1.5217,56171.0,50655.538
263,000929.SZ,20201130,9.14,9.25,8.91,9.2,9.14,0.06,0.6565,68851.01,62475.842
264,000929.SZ,20201127,9.43,9.56,9.08,9.14,9.65,-0.51,-5.285,78315.18,72569.623
265,000929.SZ,20201126,9.49,9.89,9.21,9.65,9.52,0.13,1.3655,122531.09,116931.019
266,000929.SZ,20201125,9.88,10.06,9.44,9.52,9.98,-0.46,-4.6092,129993.96,125469.986
267,000929.SZ,20201124,10.21,10.38,9.61,9.98,10.68,-0.7,-6.5543,181353.8,180403.271
268,000929.SZ,20201123,10.33,11.04,10.18,10.68,10.04,0.64,6.3745,296205.97,313089.795
269,000929.SZ,20201120,9.1,10.04,8.96,10.04,9.13,0.91,9.9671,156839.62,151118.248
270,000929.SZ,20201119,8.56,9.36,8.52,9.13,8.55,0.58,6.7836,124007.93,112599.64
271,000929.SZ,20201118,8.69,8.98,8.52,8.55,8.72,-0.17,-1.9495,48585.0,42266.769
272,000929.SZ,20201117,8.93,9.06,8.63,8.72,8.76,-0.04,-0.4566,75087.28,66516.783
273,000929.SZ,20201116,8.44,9.0,8.38,8.76,8.41,0.35,4.1617,59922.97,52061.0
274,000929.SZ,20201113,8.97,9.0,8.28,8.41,9.2,-0.79,-8.587,89520.42,76749.112
275,000929.SZ,20201112,8.38,9.32,8.3,9.2,8.52,0.68,7.9812,134503.45,119818.098
276,000929.SZ,20201111,8.11,8.73,8.11,8.52,8.23,0.29,3.5237,67361.89,57124.114
277,000929.SZ,20201110,8.3,8.38,8.12,8.23,8.3,-0.07,-0.8434,25377.12,20854.391
278,000929.SZ,20201109,8.2,8.47,8.2,8.3,8.27,0.03,0.3628,35890.05,29986.706
279,000929.SZ,20201106,8.34,8.5,8.15,8.27,8.34,-0.07,-0.8393,36280.03,30210.498
280,000929.SZ,20201105,8.14,8.44,8.02,8.34,8.05,0.29,3.6025,36536.22,30235.682
281,000929.SZ,20201104,8.16,8.16,7.93,8.05,8.16,-0.11,-1.348,24532.02,19680.977
282,000929.SZ,20201103,8.1,8.26,8.03,8.16,8.13,0.03,0.369,23297.66,18883.88
283,000929.SZ,20201102,8.11,8.24,8.04,8.13,8.12,0.01,0.1232,19902.58,16223.538
284,000929.SZ,20201030,8.43,8.49,8.09,8.12,8.37,-0.25,-2.9869,33268.01,27511.256
285,000929.SZ,20201029,8.29,8.65,8.16,8.37,8.36,0.01,0.1196,62733.88,52935.64
286,000929.SZ,20201028,7.74,8.42,7.67,8.36,7.74,0.62,8.0103,69966.71,56833.655
287,000929.SZ,20201027,7.72,7.8,7.57,7.74,7.7,0.04,0.5195,21372.11,16513.325
288,000929.SZ,20201026,7.84,8.03,7.64,7.7,7.98,-0.28,-3.5088,40767.0,31653.445
289,000929.SZ,20201023,7.84,8.34,7.75,7.98,7.79,0.19,2.439,64027.97,51968.536
290,000929.SZ,20201022,7.77,7.9,7.5,7.79,7.76,0.03,0.3866,34177.01,26296.032
291,000929.SZ,20201021,7.96,8.1,7.64,7.76,7.94,-0.18,-2.267,45275.99,35393.429
292,000929.SZ,20201020,7.9,7.99,7.71,7.94,7.84,0.1,1.2755,44829.0,35278.761
293,000929.SZ,20201019,8.07,8.58,7.77,7.84,8.05,-0.21,-2.6087,77982.0,63169.668
294,000929.SZ,20201016,8.24,8.3,8.03,8.05,8.24,-0.19,-2.3058,31092.01,25224.3
295,000929.SZ,20201015,8.33,8.51,8.22,8.24,8.4,-0.16,-1.9048,29652.72,24762.173
296,000929.SZ,20201014,8.4,8.44,8.09,8.4,8.39,0.01,0.1192,43331.01,35866.809
297,000929.SZ,20201013,8.3,8.42,8.25,8.39,8.34,0.05,0.5995,27900.0,23266.557
298,000929.SZ,20201012,8.27,8.34,8.12,8.34,8.21,0.13,1.5834,34814.15,28699.276
299,000929.SZ,20201009,8.26,8.54,8.14,8.21,8.23,-0.02,-0.243,33933.71,27962.946
300,000929.SZ,20200930,8.22,8.58,8.15,8.23,8.15,0.08,0.9816,43752.3,36429.895
301,000929.SZ,20200929,8.32,8.49,8.05,8.15,8.35,-0.2,-2.3952,33373.71,27597.145
302,000929.SZ,20200928,8.84,8.84,8.2,8.35,8.61,-0.26,-3.0197,23308.7,19508.285
303,000929.SZ,20200925,8.86,8.86,8.42,8.61,8.79,-0.18,-2.0478,34210.0,29292.136
304,000929.SZ,20200924,9.13,9.15,8.7,8.79,9.11,-0.32,-3.5126,37944.1,33776.9
305,000929.SZ,20200923,9.19,9.19,8.9,9.11,9.09,0.02,0.22,40117.0,36472.644
306,000929.SZ,20200922,9.06,9.33,9.02,9.09,9.17,-0.08,-0.8724,52493.0,48075.804
307,000929.SZ,20200921,9.04,9.46,9.0,9.17,9.08,0.09,0.9912,63699.87,58930.31
308,000929.SZ,20200918,8.92,9.15,8.66,9.08,8.93,0.15,1.6797,68265.16,60803.457
309,000929.SZ,20200917,8.96,9.22,8.85,8.93,8.96,-0.03,-0.3348,65315.84,58915.442
310,000929.SZ,20200916,9.0,9.27,8.78,8.96,9.0,-0.04,-0.4444,77147.12,69366.348
311,000929.SZ,20200915,9.28,9.5,8.21,9.0,9.12,-0.12,-1.3158,146540.28,131392.668
312,000929.SZ,20200914,8.38,9.12,8.38,9.12,8.29,0.83,10.0121,53960.92,47939.934
313,000929.SZ,20200911,9.0,9.0,8.13,8.29,9.02,-0.73,-8.0931,123800.26,104649.916
314,000929.SZ,20200910,8.78,9.34,8.59,9.02,8.73,0.29,3.3219,165786.04,149242.69
315,000929.SZ,20200909,8.51,8.98,8.49,8.73,8.56,0.17,1.986,92681.91,81393.598
316,000929.SZ,20200908,8.48,8.78,8.24,8.56,8.45,0.11,1.3018,88101.55,75061.565
317,000929.SZ,20200907,7.96,8.74,7.94,8.45,8.0,0.45,5.625,151799.08,128530.692
318,000929.SZ,20200904,7.77,8.03,7.67,8.0,7.87,0.13,1.6518,44643.0,35150.011
319,000929.SZ,20200903,7.91,8.1,7.8,7.87,7.9,-0.03,-0.3797,54771.59,43632.284
320,000929.SZ,20200902,7.88,7.94,7.77,7.9,7.88,0.02,0.2538,41591.14,32717.075
321,000929.SZ,20200901,7.79,7.89,7.66,7.88,7.77,0.11,1.4157,32311.0,25078.974
322,000929.SZ,20200831,7.82,8.04,7.72,7.77,7.81,-0.04,-0.5122,60204.38,47368.525
323,000929.SZ,20200828,7.68,7.84,7.6,7.81,7.7,0.11,1.4286,56430.11,43817.163
324,000929.SZ,20200827,7.49,7.75,7.4,7.7,7.53,0.17,2.2576,57120.07,43471.985
325,000929.SZ,20200826,7.61,7.79,7.45,7.53,7.63,-0.1,-1.3106,50890.79,38641.293
326,000929.SZ,20200825,7.55,7.65,7.5,7.63,7.55,0.08,1.0596,39535.17,30014.207
327,000929.SZ,20200824,7.44,7.62,7.35,7.55,7.44,0.11,1.4785,42549.23,31834.201
328,000929.SZ,20200821,7.39,7.63,7.36,7.44,7.34,0.1,1.3624,57574.78,43286.791
329,000929.SZ,20200820,7.45,7.59,7.32,7.34,7.47,-0.13,-1.7403,38582.65,28584.095
330,000929.SZ,20200819,7.45,7.62,7.36,7.47,7.5,-0.03,-0.4,45549.2,34110.437
331,000929.SZ,20200818,7.45,7.6,7.4,7.5,7.45,0.05,0.6711,41855.23,31307.91
332,000929.SZ,20200817,7.53,7.6,7.41,7.45,7.48,-0.03,-0.4011,43511.78,32616.87
333,000929.SZ,20200814,7.4,7.49,7.16,7.48,7.38,0.1,1.355,29776.47,21985.948
334,000929.SZ,20200813,7.29,7.5,7.27,7.38,7.27,0.11,1.5131,51327.0,37998.219
335,000929.SZ,20200812,7.31,7.31,6.99,7.27,7.26,0.01,0.1377,34045.44,24334.581
336,000929.SZ,20200811,7.38,7.47,7.24,7.26,7.38,-0.12,-1.626,44604.02,32761.681
337,000929.SZ,20200810,7.29,7.44,7.23,7.38,7.28,0.1,1.3736,32975.45,24312.721
338,000929.SZ,20200807,7.35,7.39,7.17,7.28,7.4,-0.12,-1.6216,39083.35,28407.731
339,000929.SZ,20200806,7.26,7.48,7.26,7.4,7.37,0.03,0.4071,39337.6,29069.605
340,000929.SZ,20200805,7.26,7.49,7.23,7.37,7.26,0.11,1.5152,37464.94,27591.401
341,000929.SZ,20200804,7.29,7.38,7.2,7.26,7.31,-0.05,-0.684,42242.0,30808.036
342,000929.SZ,20200803,7.1,7.32,7.1,7.31,7.09,0.22,3.103,47883.65,34633.25
343,000929.SZ,20200731,6.93,7.13,6.88,7.09,6.93,0.16,2.3088,49601.88,34795.018
344,000929.SZ,20200730,6.93,7.01,6.87,6.93,6.92,0.01,0.1445,28769.63,19989.226
345,000929.SZ,20200729,6.82,6.94,6.75,6.92,6.82,0.1,1.4663,26980.11,18514.909
346,000929.SZ,20200728,6.72,6.96,6.71,6.82,6.71,0.11,1.6393,25917.01,17661.849
347,000929.SZ,20200727,6.8,6.85,6.65,6.71,6.79,-0.08,-1.1782,29847.99,20077.626
348,000929.SZ,20200724,6.95,7.15,6.75,6.79,7.02,-0.23,-3.2764,49904.01,34656.538
349,000929.SZ,20200723,7.05,7.13,6.76,7.02,7.07,-0.05,-0.7072,44347.55,30802.624
350,000929.SZ,20200722,7.11,7.26,7.04,7.07,7.13,-0.06,-0.8415,53406.79,38187.225
351,000929.SZ,20200721,7.14,7.28,7.09,7.13,7.12,0.01,0.1404,27742.0,19882.596
352,000929.SZ,20200720,6.87,7.17,6.87,7.12,6.86,0.26,3.7901,37845.36,26633.177
353,000929.SZ,20200717,6.79,6.93,6.74,6.86,6.78,0.08,1.1799,28120.84,19204.543
354,000929.SZ,20200716,7.14,7.14,6.78,6.78,7.15,-0.37,-5.1748,49206.04,34364.632
355,000929.SZ,20200715,7.33,7.39,7.08,7.15,7.28,-0.13,-1.7857,51084.0,36745.506
356,000929.SZ,20200714,7.31,7.4,7.16,7.28,7.36,-0.08,-1.087,45410.66,33120.513
357,000929.SZ,20200713,7.1,7.37,7.09,7.36,7.12,0.24,3.3708,64170.66,46587.563
358,000929.SZ,20200710,7.25,7.33,7.09,7.12,7.2,-0.08,-1.1111,59130.0,42670.348
359,000929.SZ,20200709,7.14,7.21,7.09,7.2,7.12,0.08,1.1236,67472.85,48328.69
360,000929.SZ,20200708,7.03,7.17,7.0,7.12,7.08,0.04,0.565,52906.83,37510.385
361,000929.SZ,20200707,7.0,7.26,6.93,7.08,7.0,0.08,1.1429,86636.74,61689.013
362,000929.SZ,20200706,6.8,7.02,6.79,7.0,6.8,0.2,2.9412,69474.47,47894.757
363,000929.SZ,20200703,6.77,6.82,6.67,6.8,6.8,0.0,0.0,57658.87,38864.149
364,000929.SZ,20200702,6.57,6.93,6.56,6.8,6.63,0.17,2.5641,81569.43,55342.14
365,000929.SZ,20200701,6.47,6.75,6.45,6.63,6.48,0.15,2.3148,52307.27,34642.662
366,000929.SZ,20200630,6.41,6.54,6.41,6.48,6.41,0.07,1.092,31821.27,20604.142
367,000929.SZ,20200629,6.55,6.56,6.4,6.41,6.58,-0.17,-2.5836,30138.91,19408.631
368,000929.SZ,20200624,6.7,6.71,6.53,6.58,6.72,-0.14,-2.0833,38344.49,25273.072
369,000929.SZ,20200623,6.58,6.74,6.58,6.72,6.62,0.1,1.5106,45037.56,30056.283
370,000929.SZ,20200622,6.75,6.78,6.61,6.62,6.77,-0.15,-2.2157,52582.02,34938.387
371,000929.SZ,20200619,6.73,6.87,6.58,6.77,6.94,-0.17,-2.4496,89055.97,60079.525
372,000929.SZ,20200618,7.26,7.89,6.73,6.94,7.31,-0.37,-5.0616,209261.93,148537.31
373,000929.SZ,20200617,7.15,7.44,7.08,7.31,7.16,0.15,2.095,65412.09,47424.745
374,000929.SZ,20200616,7.25,7.25,7.06,7.16,7.14,0.02,0.2801,64652.77,46020.132
375,000929.SZ,20200615,6.92,7.24,6.86,7.14,6.94,0.2,2.8818,83740.23,59358.025
376,000929.SZ,20200612,6.7,6.96,6.62,6.94,6.79,0.15,2.2091,44252.85,30134.097
377,000929.SZ,20200611,6.7,6.89,6.69,6.79,6.72,0.07,1.0417,53063.64,36031.245
378,000929.SZ,20200610,6.73,6.74,6.59,6.72,6.74,-0.02,-0.2967,46161.73,30744.904
379,000929.SZ,20200609,6.7,6.76,6.66,6.74,6.7,0.04,0.597,54223.78,36425.467
380,000929.SZ,20200608,6.76,6.84,6.64,6.7,6.89,-0.19,-2.7576,86161.11,57955.214
381,000929.SZ,20200605,7.29,7.29,6.89,6.89,7.66,-0.77,-10.0522,175567.79,123309.588
382,000929.SZ,20200604,7.3,7.8,6.94,7.66,7.16,0.5,6.9832,267965.64,198792.888
383,000929.SZ,20200603,6.53,7.16,6.5,7.16,6.51,0.65,9.9846,118258.95,81850.779
384,000929.SZ,20200602,6.59,6.63,6.4,6.51,6.5,0.01,0.1538,25388.3,16499.238
385,000929.SZ,20200601,6.44,6.66,6.35,6.5,6.41,0.09,1.4041,27705.86,18016.679
386,000929.SZ,20200529,6.34,6.47,6.34,6.41,6.41,0.0,0.0,11545.72,7399.666
387,000929.SZ,20200528,6.31,6.42,6.28,6.41,6.31,0.1,1.5848,17526.81,11149.455
388,000929.SZ,20200527,6.31,6.39,6.27,6.31,6.32,-0.01,-0.1582,21024.33,13306.008
389,000929.SZ,20200526,6.22,6.36,6.22,6.32,6.23,0.09,1.4446,18797.82,11862.494
390,000929.SZ,20200525,6.18,6.29,6.08,6.23,6.18,0.05,0.8091,11643.24,7231.402
391,000929.SZ,20200522,6.28,6.29,6.15,6.18,6.28,-0.1,-1.5924,13814.13,8557.668
392,000929.SZ,20200521,6.28,6.36,6.24,6.28,6.25,0.03,0.48,19538.58,12351.152
393,000929.SZ,20200520,6.25,6.35,6.2,6.25,6.23,0.02,0.321,15155.12,9477.814
394,000929.SZ,20200519,6.25,6.29,6.21,6.23,6.23,0.0,0.0,8545.14,5328.219
395,000929.SZ,20200518,6.22,6.29,6.17,6.23,6.19,0.04,0.6462,17715.56,11052.261
396,000929.SZ,20200515,6.2,6.29,6.18,6.19,6.22,-0.03,-0.4823,13259.3,8251.264
397,000929.SZ,20200514,6.26,6.31,6.15,6.22,6.26,-0.04,-0.639,16328.0,10162.943
398,000929.SZ,20200513,6.19,6.3,6.15,6.26,6.16,0.1,1.6234,21394.0,13340.468
399,000929.SZ,20200512,6.2,6.23,6.13,6.16,6.2,-0.04,-0.6452,10530.17,6495.449
400,000929.SZ,20200511,6.24,6.24,6.17,6.2,6.2,0.0,0.0,9958.01,6175.554
401,000929.SZ,20200508,6.12,6.24,6.12,6.2,6.11,0.09,1.473,14922.01,9242.988
402,000929.SZ,20200507,6.17,6.22,6.08,6.11,6.15,-0.04,-0.6504,14024.45,8608.006
403,000929.SZ,20200506,6.07,6.18,6.0,6.15,6.07,0.08,1.318,16659.01,10176.962
404,000929.SZ,20200430,5.92,6.09,5.92,6.07,5.9,0.17,2.8814,14010.42,8443.781
405,000929.SZ,20200429,5.98,6.09,5.89,5.9,5.98,-0.08,-1.3378,12579.54,7511.996
406,000929.SZ,20200428,6.23,6.28,5.85,5.98,6.23,-0.25,-4.0128,18172.72,10945.291
407,000929.SZ,20200427,6.29,6.32,6.21,6.23,6.28,-0.05,-0.7962,11391.53,7146.776
408,000929.SZ,20200424,6.4,6.43,6.25,6.28,6.41,-0.13,-2.0281,16974.09,10747.403
409,000929.SZ,20200423,6.51,6.53,6.4,6.41,6.5,-0.09,-1.3846,14021.0,9033.532
410,000929.SZ,20200422,6.36,6.6,6.36,6.5,6.43,0.07,1.0886,16515.12,10692.442
411,000929.SZ,20200421,6.52,6.53,6.38,6.43,6.55,-0.12,-1.8321,13805.7,8869.695
412,000929.SZ,20200420,6.42,6.57,6.36,6.55,6.4,0.15,2.3438,18962.8,12266.69
413,000929.SZ,20200417,6.52,6.58,6.39,6.4,6.49,-0.09,-1.3867,21353.3,13835.124
414,000929.SZ,20200416,6.44,6.57,6.37,6.49,6.48,0.01,0.1543,19133.9,12430.02
415,000929.SZ,20200415,6.59,6.64,6.45,6.48,6.63,-0.15,-2.2624,30445.2,19934.154
416,000929.SZ,20200414,6.53,6.64,6.49,6.63,6.53,0.1,1.5314,23752.21,15631.116
417,000929.SZ,20200413,6.6,6.68,6.48,6.53,6.6,-0.07,-1.0606,21749.95,14204.748
418,000929.SZ,20200410,6.78,6.85,6.56,6.6,6.79,-0.19,-2.7982,36918.0,24600.599
419,000929.SZ,20200409,6.78,6.81,6.71,6.79,6.75,0.04,0.5926,28972.95,19650.328
420,000929.SZ,20200408,6.73,6.79,6.67,6.75,6.72,0.03,0.4464,32720.1,22009.197
421,000929.SZ,20200407,6.55,6.78,6.55,6.72,6.53,0.19,2.9096,40820.95,27372.079
422,000929.SZ,20200403,6.5,6.63,6.46,6.53,6.5,0.03,0.4615,29672.0,19431.32
423,000929.SZ,20200402,6.34,6.52,6.33,6.5,6.4,0.1,1.5625,18492.58,11894.225
424,000929.SZ,20200401,6.57,6.6,6.4,6.4,6.55,-0.15,-2.2901,20339.86,13229.001
425,000929.SZ,20200331,6.48,6.61,6.47,6.55,6.48,0.07,1.0802,22016.18,14408.378
426,000929.SZ,20200330,6.51,6.52,6.36,6.48,6.55,-0.07,-1.0687,13641.98,8770.022
427,000929.SZ,20200327,6.55,6.65,6.54,6.55,6.52,0.03,0.4601,21206.4,13978.158
428,000929.SZ,20200326,6.57,6.6,6.52,6.52,6.61,-0.09,-1.3616,15918.56,10429.621
429,000929.SZ,20200325,6.53,6.66,6.53,6.61,6.5,0.11,1.6923,27732.22,18238.715
430,000929.SZ,20200324,6.84,6.84,6.02,6.5,6.37,0.13,2.0408,33393.97,21731.159
431,000929.SZ,20200323,6.31,6.42,6.25,6.37,6.45,-0.08,-1.2403,15261.6,9648.943
432,000929.SZ,20200320,6.33,6.46,6.3,6.45,6.29,0.16,2.5437,11966.31,7632.74
433,000929.SZ,20200319,6.25,6.33,6.14,6.29,6.24,0.05,0.8013,12332.7,7682.578
434,000929.SZ,20200318,6.51,6.55,6.23,6.24,6.37,-0.13,-2.0408,18718.18,11968.323
435,000929.SZ,20200317,6.46,6.58,6.25,6.37,6.41,-0.04,-0.624,19393.36,12368.692
436,000929.SZ,20200316,6.59,6.66,6.4,6.41,6.55,-0.14,-2.1374,20463.0,13437.37
437,000929.SZ,20200313,6.35,6.59,6.22,6.55,6.57,-0.02,-0.3044,18916.26,12111.676
438,000929.SZ,20200312,6.67,6.67,6.5,6.57,6.72,-0.15,-2.2321,15422.51,10157.432
439,000929.SZ,20200311,6.69,6.89,6.67,6.72,6.69,0.03,0.4484,34316.17,23283.09
440,000929.SZ,20200310,6.38,6.7,6.35,6.69,6.53,0.16,2.4502,29315.57,19150.203
441,000929.SZ,20200309,6.64,6.72,6.53,6.53,6.69,-0.16,-2.3916,26678.53,17688.277
442,000929.SZ,20200306,6.63,6.76,6.57,6.69,6.68,0.01,0.1497,24276.86,16184.256
443,000929.SZ,20200305,6.52,6.68,6.5,6.68,6.48,0.2,3.0864,46186.33,30536.247
444,000929.SZ,20200304,6.4,6.48,6.35,6.48,6.4,0.08,1.25,12700.53,8170.358
445,000929.SZ,20200303,6.33,6.46,6.3,6.4,6.32,0.08,1.2658,18798.92,12039.724
446,000929.SZ,20200302,6.18,6.36,6.11,6.32,6.09,0.23,3.7767,16330.01,10229.544
447,000929.SZ,20200228,6.34,6.35,6.09,6.09,6.46,-0.37,-5.7276,25678.54,15958.197
448,000929.SZ,20200227,6.42,6.5,6.4,6.46,6.42,0.04,0.6231,15340.63,9895.245
449,000929.SZ,20200226,6.38,6.54,6.31,6.42,6.42,0.0,0.0,27236.62,17525.486
450,000929.SZ,20200225,6.44,6.47,6.27,6.42,6.54,-0.12,-1.8349,28395.77,18156.394
451,000929.SZ,20200224,6.62,6.63,6.43,6.54,6.61,-0.07,-1.059,23716.01,15430.458
452,000929.SZ,20200221,6.57,6.63,6.52,6.61,6.56,0.05,0.7622,24086.7,15842.759
453,000929.SZ,20200220,6.46,6.58,6.43,6.56,6.46,0.1,1.548,18546.0,12090.563
454,000929.SZ,20200219,6.48,6.55,6.41,6.46,6.47,-0.01,-0.1546,19808.31,12830.03
455,000929.SZ,20200218,6.41,6.49,6.36,6.47,6.41,0.06,0.936,19222.24,12371.36
456,000929.SZ,20200217,6.3,6.41,6.26,6.41,6.23,0.18,2.8892,21815.77,13935.625
457,000929.SZ,20200214,6.21,6.27,6.15,6.23,6.23,0.0,0.0,12871.28,7995.386
458,000929.SZ,20200213,6.32,6.35,6.16,6.23,6.34,-0.11,-1.735,16754.0,10460.159
459,000929.SZ,20200212,6.28,6.37,6.26,6.34,6.28,0.06,0.9554,12871.04,8126.522
460,000929.SZ,20200211,6.3,6.38,6.23,6.28,6.32,-0.04,-0.6329,14991.11,9427.199
461,000929.SZ,20200210,6.16,6.34,6.15,6.32,6.22,0.1,1.6077,16866.55,10537.799
462,000929.SZ,20200207,6.12,6.23,6.02,6.22,6.14,0.08,1.3029,17629.89,10817.073
463,000929.SZ,20200206,6.05,6.17,6.04,6.14,6.05,0.09,1.4876,15808.56,9652.768
464,000929.SZ,20200205,5.92,6.18,5.92,6.05,5.95,0.1,1.6807,13292.81,8083.014
465,000929.SZ,20200204,5.68,6.18,5.64,5.95,6.03,-0.08,-1.3267,26187.94,15586.514
466,000929.SZ,20200203,6.03,6.03,6.03,6.03,6.7,-0.67,-10.0,4961.0,2991.483
467,000929.SZ,20200123,6.94,6.94,6.6,6.7,6.96,-0.26,-3.7356,18674.41,12680.914
468,000929.SZ,20200122,6.95,6.99,6.81,6.96,6.95,0.01,0.1439,10859.56,7500.132
469,000929.SZ,20200121,7.01,7.03,6.89,6.95,7.02,-0.07,-0.9972,9737.0,6763.988
470,000929.SZ,20200120,6.95,7.02,6.91,7.02,6.97,0.05,0.7174,8736.0,6089.55
471,000929.SZ,20200117,7.05,7.05,6.96,6.97,7.01,-0.04,-0.5706,11584.0,8103.623
472,000929.SZ,20200116,7.03,7.08,6.99,7.01,7.06,-0.05,-0.7082,17436.0,12258.16
473,000929.SZ,20200115,7.18,7.22,7.05,7.06,7.13,-0.07,-0.9818,15292.0,10880.118
474,000929.SZ,20200114,7.15,7.18,7.11,7.13,7.15,-0.02,-0.2797,12338.48,8818.472
475,000929.SZ,20200113,7.08,7.16,7.05,7.15,7.12,0.03,0.4213,12918.19,9179.246
476,000929.SZ,20200110,7.17,7.24,7.07,7.12,7.17,-0.05,-0.6974,27916.83,19887.399
477,000929.SZ,20200109,7.1,7.35,7.08,7.17,7.02,0.15,2.1368,47164.03,33925.441
478,000929.SZ,20200108,7.13,7.15,6.98,7.02,7.15,-0.13,-1.8182,23540.45,16646.169
479,000929.SZ,20200107,7.1,7.16,7.09,7.15,7.12,0.03,0.4213,24269.89,17286.55
480,000929.SZ,20200106,7.13,7.16,7.06,7.12,7.12,0.0,0.0,13466.86,9577.36
481,000929.SZ,20200103,7.05,7.17,7.05,7.12,7.11,0.01,0.1406,15307.01,10883.118
482,000929.SZ,20200102,6.96,7.11,6.92,7.11,6.94,0.17,2.4496,28545.95,20132.616
483,000929.SZ,20191231,6.89,6.96,6.84,6.94,6.9,0.04,0.5797,11532.71,7961.292
484,000929.SZ,20191230,6.93,6.93,6.75,6.9,6.95,-0.05,-0.7194,15837.94,10883.1
485,000929.SZ,20191227,6.96,7.1,6.95,6.95,6.98,-0.03,-0.4298,12952.62,9081.037
486,000929.SZ,20191226,6.95,7.02,6.95,6.98,6.95,0.03,0.4317,12130.15,8454.854
487,000929.SZ,20191225,6.94,7.03,6.9,6.95,6.94,0.01,0.1441,18224.89,12709.22
488,000929.SZ,20191224,6.75,6.98,6.71,6.94,6.75,0.19,2.8148,19302.58,13255.783
489,000929.SZ,20191223,6.95,6.96,6.75,6.75,6.93,-0.18,-2.5974,13846.07,9452.758
490,000929.SZ,20191220,6.97,6.98,6.91,6.93,6.95,-0.02,-0.2878,10000.0,6951.316
491,000929.SZ,20191219,6.89,6.95,6.88,6.95,6.89,0.06,0.8708,7933.77,5491.71
492,000929.SZ,20191218,6.86,6.96,6.86,6.89,6.88,0.01,0.1453,13712.0,9476.741
493,000929.SZ,20191217,6.88,6.91,6.78,6.88,6.85,0.03,0.438,18780.86,12895.692
494,000929.SZ,20191216,6.72,6.85,6.71,6.85,6.74,0.11,1.632,17572.01,11939.027
495,000929.SZ,20191213,6.67,6.75,6.66,6.74,6.67,0.07,1.0495,10250.0,6870.099
496,000929.SZ,20191212,6.75,6.75,6.66,6.67,6.7,-0.03,-0.4478,5826.0,3899.27
497,000929.SZ,20191211,6.76,6.76,6.66,6.7,6.72,-0.02,-0.2976,5513.29,3694.91
498,000929.SZ,20191210,6.71,6.79,6.65,6.72,6.71,0.01,0.149,6859.04,4593.647
499,000929.SZ,20191209,6.7,6.72,6.65,6.71,6.68,0.03,0.4491,10166.41,6799.891
500,000929.SZ,20191206,6.65,6.7,6.63,6.68,6.69,-0.01,-0.1495,12558.89,8367.194
501,000929.SZ,20191205,6.63,6.72,6.58,6.69,6.62,0.07,1.0574,20622.38,13680.042
502,000929.SZ,20191204,6.54,6.79,6.51,6.62,6.56,0.06,0.9146,10314.75,6851.98
503,000929.SZ,20191203,6.49,6.57,6.46,6.56,6.51,0.05,0.768,7754.13,5043.629
504,000929.SZ,20191202,6.56,6.59,6.48,6.51,6.56,-0.05,-0.7622,11275.49,7358.648
505,000929.SZ,20191129,6.54,6.58,6.46,6.56,6.54,0.02,0.3058,15141.75,9855.979
506,000929.SZ,20191128,6.6,6.68,6.53,6.54,6.65,-0.11,-1.6541,6726.0,4438.833
507,000929.SZ,20191127,6.65,6.7,6.59,6.65,6.67,-0.02,-0.2999,5230.2,3484.373
508,000929.SZ,20191126,6.63,6.69,6.62,6.67,6.64,0.03,0.4518,5981.43,3983.452
509,000929.SZ,20191125,6.65,6.65,6.38,6.64,6.65,-0.01,-0.1504,7560.57,4971.475
510,000929.SZ,20191122,6.8,6.89,6.63,6.65,6.8,-0.15,-2.2059,12858.35,8666.618
511,000929.SZ,20191121,6.75,6.85,6.7,6.8,6.79,0.01,0.1473,7926.01,5370.455
512,000929.SZ,20191120,6.85,6.9,6.77,6.79,6.84,-0.05,-0.731,5491.0,3741.596
513,000929.SZ,20191119,6.75,6.87,6.75,6.84,6.75,0.09,1.3333,7195.0,4907.456
514,000929.SZ,20191118,6.75,6.84,6.71,6.75,6.8,-0.05,-0.7353,9655.43,6529.39
515,000929.SZ,20191115,6.75,7.0,6.72,6.8,6.77,0.03,0.4431,16581.45,11351.202
516,000929.SZ,20191114,6.77,6.82,6.73,6.77,6.77,0.0,0.0,6560.0,4441.178
517,000929.SZ,20191113,6.72,6.8,6.68,6.77,6.71,0.06,0.8942,8036.8,5422.121
518,000929.SZ,20191112,6.61,6.78,6.61,6.71,6.76,-0.05,-0.7396,10540.11,7059.68
519,000929.SZ,20191111,6.91,6.99,6.71,6.76,6.97,-0.21,-3.0129,13339.0,9093.857
520,000929.SZ,20191108,6.94,7.0,6.92,6.97,6.91,0.06,0.8683,10914.76,7600.601
521,000929.SZ,20191107,6.92,6.97,6.85,6.91,6.92,-0.01,-0.1445,10908.44,7547.132
522,000929.SZ,20191106,6.99,7.06,6.89,6.92,7.03,-0.11,-1.5647,15392.7,10721.057
523,000929.SZ,20191105,7.08,7.08,6.96,7.03,7.07,-0.04,-0.5658,15588.0,10952.135
524,000929.SZ,20191104,7.18,7.18,7.03,7.07,7.19,-0.12,-1.669,23467.16,16623.7
525,000929.SZ,20191101,7.11,7.23,6.99,7.19,7.09,0.1,1.4104,17891.08,12711.864
526,000929.SZ,20191031,7.15,7.3,7.06,7.09,7.16,-0.07,-0.9777,19236.0,13865.094
527,000929.SZ,20191030,7.24,7.24,7.1,7.16,7.19,-0.03,-0.4172,10629.86,7625.582
528,000929.SZ,20191029,7.39,7.41,7.17,7.19,7.32,-0.13,-1.776,16316.0,11915.977
529,000929.SZ,20191028,7.25,7.35,7.25,7.32,7.23,0.09,1.2448,12252.0,8967.127
530,000929.SZ,20191025,7.21,7.25,7.13,7.23,7.18,0.05,0.6964,7954.82,5721.333
531,000929.SZ,20191024,7.13,7.22,7.12,7.18,7.18,0.0,0.0,8877.65,6366.501
532,000929.SZ,20191023,7.17,7.25,7.11,7.18,7.19,-0.01,-0.1391,11884.0,8547.431
533,000929.SZ,20191022,7.07,7.2,7.03,7.19,7.07,0.12,1.6973,12852.0,9180.06
534,000929.SZ,20191021,7.04,7.16,6.99,7.07,7.05,0.02,0.2837,16117.98,11376.472
535,000929.SZ,20191018,7.1,7.15,6.89,7.05,7.14,-0.09,-1.2605,16756.0,11847.228
536,000929.SZ,20191017,7.14,7.3,7.08,7.14,7.17,-0.03,-0.4184,13469.34,9625.167
537,000929.SZ,20191016,7.34,7.38,7.17,7.17,7.34,-0.17,-2.3161,15552.1,11307.599
538,000929.SZ,20191015,7.3,7.42,7.26,7.34,7.36,-0.02,-0.2717,17371.42,12769.062
539,000929.SZ,20191014,7.35,7.44,7.27,7.36,7.25,0.11,1.5172,26237.51,19346.139
540,000929.SZ,20191011,7.19,7.3,7.19,7.25,7.2,0.05,0.6944,12834.08,9316.16
541,000929.SZ,20191010,7.14,7.25,7.08,7.2,7.17,0.03,0.4184,10926.35,7854.317
542,000929.SZ,20191009,7.11,7.18,7.01,7.17,7.11,0.06,0.8439,10414.37,7396.22
543,000929.SZ,20191008,7.14,7.25,7.05,7.11,7.13,-0.02,-0.2805,12912.08,9255.773
544,000929.SZ,20190930,7.21,7.37,7.08,7.13,7.25,-0.12,-1.6552,17687.96,12667.878
545,000929.SZ,20190927,7.2,7.34,7.03,7.25,7.2,0.05,0.6944,16138.75,11681.571
546,000929.SZ,20190926,7.45,7.54,7.13,7.2,7.43,-0.23,-3.0956,23253.91,16880.011
547,000929.SZ,20190925,7.58,7.64,7.41,7.43,7.62,-0.19,-2.4934,19862.39,14915.313
548,000929.SZ,20190924,7.52,7.66,7.47,7.62,7.47,0.15,2.008,26176.02,19860.703
549,000929.SZ,20190923,7.68,7.68,7.42,7.47,7.67,-0.2,-2.6076,22911.01,17187.66
550,000929.SZ,20190920,7.64,7.72,7.56,7.67,7.57,0.1,1.321,27241.53,20839.281
551,000929.SZ,20190919,7.59,7.61,7.42,7.57,7.67,-0.1,-1.3038,32602.23,24531.946
552,000929.SZ,20190918,7.69,7.71,7.5,7.67,7.67,0.0,0.0,32349.0,24635.412
553,000929.SZ,20190917,7.7,7.77,7.55,7.67,7.62,0.05,0.6562,41722.1,31975.568
554,000929.SZ,20190916,7.58,7.7,7.58,7.62,7.57,0.05,0.6605,23803.0,18213.074
555,000929.SZ,20190912,7.52,7.65,7.5,7.57,7.52,0.05,0.6649,18893.01,14268.339
556,000929.SZ,20190911,7.53,7.56,7.51,7.52,7.53,-0.01,-0.1328,12370.0,9316.74
557,000929.SZ,20190910,7.53,7.55,7.48,7.53,7.52,0.01,0.133,18056.0,13567.644
558,000929.SZ,20190909,7.54,7.58,7.45,7.52,7.5,0.02,0.2667,30129.96,22576.107
559,000929.SZ,20190906,7.42,7.51,7.4,7.5,7.47,0.03,0.4016,22299.01,16618.652
560,000929.SZ,20190905,7.36,7.47,7.34,7.47,7.35,0.12,1.6327,24093.38,17866.65
561,000929.SZ,20190904,7.29,7.36,7.29,7.35,7.33,0.02,0.2729,14558.0,10659.543
562,000929.SZ,20190903,7.36,7.37,7.29,7.33,7.33,0.0,0.0,12964.0,9490.555
563,000929.SZ,20190902,7.14,7.33,7.12,7.33,7.14,0.19,2.6611,17900.0,13051.704
564,000929.SZ,20190830,7.28,7.39,7.14,7.14,7.25,-0.11,-1.5172,18078.0,13191.615
565,000929.SZ,20190829,7.25,7.36,7.22,7.25,7.27,-0.02,-0.2751,14466.75,10560.749
566,000929.SZ,20190828,7.37,7.37,7.24,7.27,7.31,-0.04,-0.5472,14413.0,10496.173
567,000929.SZ,20190827,7.08,7.38,7.08,7.31,7.08,0.23,3.2486,28807.03,20850.496
568,000929.SZ,20190826,7.08,7.13,7.01,7.08,7.26,-0.18,-2.4793,21898.47,15460.464
569,000929.SZ,20190823,7.39,7.42,7.23,7.26,7.5,-0.24,-3.2,28339.69,20714.362
570,000929.SZ,20190822,7.4,7.68,7.3,7.5,7.24,0.26,3.5912,52520.07,39347.757
571,000929.SZ,20190821,7.33,7.33,7.19,7.24,7.35,-0.11,-1.4966,17744.0,12846.812
572,000929.SZ,20190820,7.27,7.35,7.23,7.35,7.26,0.09,1.2397,22536.01,16418.809
573,000929.SZ,20190819,7.12,7.28,7.08,7.26,7.1,0.16,2.2535,22783.01,16375.611
574,000929.SZ,20190816,7.0,7.18,6.95,7.1,7.0,0.1,1.4286,23093.96,16414.13
575,000929.SZ,20190815,6.89,7.07,6.86,7.0,7.06,-0.06,-0.8499,11116.0,7710.586
576,000929.SZ,20190814,7.02,7.11,7.0,7.06,6.94,0.12,1.7291,18822.0,13259.373
577,000929.SZ,20190813,6.99,7.04,6.9,6.94,7.05,-0.11,-1.5603,12717.26,8860.042
578,000929.SZ,20190812,6.91,7.07,6.91,7.05,6.9,0.15,2.1739,12753.36,8956.769
579,000929.SZ,20190809,7.05,7.09,6.87,6.9,7.0,-0.1,-1.4286,11381.0,7957.312
580,000929.SZ,20190808,6.92,7.04,6.92,7.0,6.95,0.05,0.7194,10689.8,7476.665
581,000929.SZ,20190807,6.95,7.05,6.9,6.95,6.93,0.02,0.2886,9038.0,6286.735
582,000929.SZ,20190806,7.19,7.19,6.77,6.93,7.27,-0.34,-4.6768,18063.97,12533.186
583,000929.SZ,20190805,7.33,7.35,7.21,7.27,7.29,-0.02,-0.2743,9554.0,6959.02
584,000929.SZ,20190802,7.41,7.42,7.2,7.29,7.5,-0.21,-2.8,15647.95,11456.17
585,000929.SZ,20190801,7.53,7.56,7.42,7.5,7.53,-0.03,-0.3984,13614.0,10214.995
586,000929.SZ,20190731,7.58,7.63,7.53,7.53,7.64,-0.11,-1.4398,12511.0,9468.512
587,000929.SZ,20190730,7.59,7.66,7.56,7.64,7.6,0.04,0.5263,12104.43,9227.23
588,000929.SZ,20190729,7.58,7.62,7.55,7.6,7.6,0.0,0.0,9196.78,6975.911
589,000929.SZ,20190726,7.59,7.61,7.54,7.6,7.6,0.0,0.0,11561.25,8756.154
590,000929.SZ,20190725,7.6,7.6,7.53,7.6,7.58,0.02,0.2639,10698.11,8102.207
591,000929.SZ,20190724,7.47,7.63,7.47,7.58,7.45,0.13,1.745,13280.0,10051.477
592,000929.SZ,20190723,7.35,7.48,7.34,7.45,7.38,0.07,0.9485,12793.77,9487.96
593,000929.SZ,20190722,7.62,7.65,7.37,7.38,7.62,-0.24,-3.1496,18400.0,13737.614
594,000929.SZ,20190719,7.71,7.78,7.6,7.62,7.57,0.05,0.6605,16490.01,12678.546
595,000929.SZ,20190718,7.7,7.7,7.57,7.57,7.75,-0.18,-2.3226,22957.0,17502.211
596,000929.SZ,20190717,7.78,7.84,7.7,7.75,7.79,-0.04,-0.5135,24790.77,19230.805
597,000929.SZ,20190716,7.81,7.86,7.76,7.79,7.81,-0.02,-0.2561,16199.77,12621.407
598,000929.SZ,20190715,7.68,7.87,7.68,7.81,7.74,0.07,0.9044,22860.65,17799.917
599,000929.SZ,20190712,7.65,7.74,7.61,7.74,7.65,0.09,1.1765,18191.87,13982.128
600,000929.SZ,20190711,7.71,7.76,7.62,7.65,7.69,-0.04,-0.5202,25358.85,19525.731
601,000929.SZ,20190710,7.73,7.83,7.65,7.69,7.82,-0.13,-1.6624,36077.28,27928.067
602,000929.SZ,20190709,7.72,7.96,7.7,7.82,7.77,0.05,0.6435,39942.44,31165.816
603,000929.SZ,20190708,8.29,8.37,7.7,7.77,8.38,-0.61,-7.2792,82290.53,65708.484
604,000929.SZ,20190705,8.3,8.41,8.14,8.38,8.41,-0.03,-0.3567,98203.54,81287.636
605,000929.SZ,20190704,8.9,8.91,8.39,8.41,8.9,-0.49,-5.5056,179783.34,155316.403
606,000929.SZ,20190703,8.1,8.9,8.04,8.9,8.09,0.81,10.0124,147806.75,131129.434
607,000929.SZ,20190702,8.12,8.14,8.04,8.09,8.11,-0.02,-0.2466,21085.5,17043.2
608,000929.SZ,20190701,8.02,8.12,7.93,8.11,7.97,0.14,1.7566,31154.13,25173.094
609,000929.SZ,20190628,8.09,8.1,7.75,7.97,8.08,-0.11,-1.3614,26582.0,20990.96
610,000929.SZ,20190627,8.05,8.15,8.02,8.08,8.01,0.07,0.8739,21448.21,17347.277
611,000929.SZ,20190626,8.0,8.11,7.98,8.01,8.04,-0.03,-0.3731,16254.98,13065.708
612,000929.SZ,20190625,8.28,8.28,7.98,8.04,8.37,-0.33,-3.9427,44173.27,35712.195
613,000929.SZ,20190624,8.19,8.74,8.08,8.37,8.22,0.15,1.8248,63844.14,52947.177
614,000929.SZ,20190621,8.3,8.3,8.17,8.22,8.0,0.22,2.75,28221.17,23190.984
615,000929.SZ,20190620,7.92,8.03,7.81,8.0,7.93,0.07,0.8827,17931.18,14277.636
616,000929.SZ,20190619,7.95,8.08,7.89,7.93,7.82,0.11,1.4066,12644.63,10056.627
617,000929.SZ,20190618,7.77,7.88,7.76,7.82,7.77,0.05,0.6435,9508.19,7425.317
618,000929.SZ,20190617,7.95,8.02,7.73,7.77,7.95,-0.18,-2.2642,12860.47,10096.782
619,000929.SZ,20190614,8.17,8.17,7.9,7.95,8.1,-0.15,-1.8519,14628.17,11745.432
620,000929.SZ,20190613,7.89,8.16,7.89,8.1,7.97,0.13,1.6311,14145.76,11380.09
621,000929.SZ,20190612,7.97,8.08,7.9,7.97,7.95,0.02,0.2516,12565.93,10023.754
622,000929.SZ,20190611,7.7,7.99,7.67,7.95,7.63,0.32,4.194,16226.5,12730.238
623,000929.SZ,20190610,7.62,7.77,7.52,7.63,7.59,0.04,0.527,10464.0,8001.687
624,000929.SZ,20190606,7.94,7.94,7.59,7.59,7.94,-0.35,-4.4081,17997.4,13885.448
625,000929.SZ,20190605,7.98,8.08,7.93,7.94,7.97,-0.03,-0.3764,14178.0,11361.964
626,000929.SZ,20190604,7.82,8.05,7.82,7.97,7.9,0.07,0.8861,16973.5,13536.672
627,000929.SZ,20190603,8.12,8.23,7.88,7.9,8.13,-0.23,-2.829,19963.0,16054.143
628,000929.SZ,20190531,8.24,8.27,8.08,8.13,8.2,-0.07,-0.8537,18541.0,15147.855
629,000929.SZ,20190530,8.29,8.29,8.05,8.2,8.36,-0.16,-1.9139,21653.51,17625.163
630,000929.SZ,20190529,8.25,8.4,8.16,8.36,8.2,0.16,1.9512,20385.75,16937.085
631,000929.SZ,20190528,8.15,8.34,8.04,8.2,8.15,0.05,0.6135,21883.0,18038.33
632,000929.SZ,20190527,7.9,8.17,7.84,8.15,8.03,0.12,1.4944,20475.11,16538.426
633,000929.SZ,20190524,7.96,8.07,7.9,8.03,7.88,0.15,1.9036,13681.0,10943.124
634,000929.SZ,20190523,8.26,8.26,7.82,7.88,8.27,-0.39,-4.7158,23503.95,18875.698
635,000929.SZ,20190522,8.31,8.32,8.11,8.27,8.2,0.07,0.8537,19140.0,15788.545
636,000929.SZ,20190521,7.77,8.3,7.77,8.2,7.94,0.26,3.2746,16740.73,13580.316
637,000929.SZ,20190520,7.98,8.01,7.65,7.94,8.01,-0.07,-0.8739,24977.63,19587.373
638,000929.SZ,20190517,8.32,8.47,7.8,8.01,8.3,-0.29,-3.494,31926.2,26074.617
639,000929.SZ,20190516,8.19,8.4,8.18,8.3,8.19,0.11,1.3431,24580.58,20368.556
640,000929.SZ,20190515,8.16,8.25,8.06,8.19,8.03,0.16,1.9925,25471.58,20793.987
641,000929.SZ,20190514,8.12,8.18,8.0,8.03,8.29,-0.26,-3.1363,30520.23,24672.174
642,000929.SZ,20190513,7.91,8.38,7.8,8.29,8.22,0.07,0.8516,47072.31,38063.233
643,000929.SZ,20190510,7.79,8.5,7.75,8.22,7.77,0.45,5.7915,64458.12,52434.221
644,000929.SZ,20190509,7.79,7.99,7.72,7.77,7.7,0.07,0.9091,23584.17,18487.502
645,000929.SZ,20190508,7.65,7.89,7.6,7.7,7.83,-0.13,-1.6603,17813.08,13820.07
646,000929.SZ,20190507,7.5,7.88,7.48,7.83,7.47,0.36,4.8193,28279.0,21723.092
647,000929.SZ,20190506,7.86,8.19,7.42,7.47,8.18,-0.71,-8.6797,32640.77,25300.122
648,000929.SZ,20190430,8.03,8.26,7.96,8.18,8.03,0.15,1.868,18965.67,15409.35
649,000929.SZ,20190429,8.29,8.35,7.9,8.03,8.34,-0.31,-3.717,28518.0,23226.749
650,000929.SZ,20190426,8.53,8.54,8.08,8.34,8.55,-0.21,-2.4561,31784.12,26490.576
651,000929.SZ,20190425,8.86,9.05,8.5,8.55,8.82,-0.27,-3.0612,50781.39,44976.227
652,000929.SZ,20190424,8.69,8.87,8.53,8.82,8.63,0.19,2.2016,27784.0,24351.911
653,000929.SZ,20190423,8.85,8.86,8.5,8.63,8.85,-0.22,-2.4859,31232.59,27156.577
654,000929.SZ,20190422,8.88,8.96,8.75,8.85,8.88,-0.03,-0.3378,19375.37,17167.032
655,000929.SZ,20190419,8.78,8.9,8.73,8.88,8.78,0.1,1.139,23442.76,20684.56
656,000929.SZ,20190418,8.76,8.96,8.73,8.78,8.79,-0.01,-0.1138,25229.89,22339.044
657,000929.SZ,20190417,8.75,8.87,8.73,8.79,8.75,0.04,0.4571,31370.55,27653.243
658,000929.SZ,20190416,8.58,8.83,8.48,8.75,8.7,0.05,0.5747,43807.37,37842.791
659,000929.SZ,20190415,9.0,9.06,8.58,8.7,9.19,-0.49,-5.3319,79671.74,70855.964
660,000929.SZ,20190412,8.89,9.27,8.79,9.19,8.95,0.24,2.6816,72902.33,66625.538
661,000929.SZ,20190411,8.84,9.04,8.77,8.95,8.89,0.06,0.6749,37045.57,32996.092
662,000929.SZ,20190410,8.8,8.94,8.62,8.89,8.89,0.0,0.0,35584.9,31319.152
663,000929.SZ,20190409,8.9,8.94,8.71,8.89,8.96,-0.07,-0.7813,35571.29,31279.199
664,000929.SZ,20190408,8.81,9.4,8.61,8.96,8.81,0.15,1.7026,88886.89,79174.779
665,000929.SZ,20190404,8.59,8.9,8.36,8.81,8.45,0.36,4.2604,77119.21,66579.964
666,000929.SZ,20190403,8.28,8.6,8.28,8.45,8.32,0.13,1.5625,43903.14,37102.206
667,000929.SZ,20190402,8.3,8.42,8.19,8.32,8.26,0.06,0.7264,43544.89,36183.394
668,000929.SZ,20190401,8.09,8.27,8.01,8.26,7.99,0.27,3.3792,38252.2,31283.899
669,000929.SZ,20190329,7.82,8.04,7.67,7.99,7.79,0.2,2.5674,31089.51,24520.279
670,000929.SZ,20190328,7.99,8.07,7.79,7.79,8.0,-0.21,-2.625,20307.0,16161.788
671,000929.SZ,20190327,7.95,8.0,7.74,8.0,7.82,0.18,2.3018,27072.37,21381.382
672,000929.SZ,20190326,8.03,8.17,7.71,7.82,8.03,-0.21,-2.6152,35757.31,28481.358
673,000929.SZ,20190325,8.09,8.15,7.97,8.03,8.2,-0.17,-2.0732,35258.0,28413.588
674,000929.SZ,20190322,8.16,8.24,7.99,8.2,8.26,-0.06,-0.7264,42405.61,34472.593
675,000929.SZ,20190321,8.1,8.98,8.07,8.26,8.16,0.1,1.2255,72691.51,60111.16
676,000929.SZ,20190320,7.85,8.19,7.82,8.16,7.89,0.27,3.4221,53008.47,42670.963
677,000929.SZ,20190319,7.92,7.95,7.83,7.89,7.93,-0.04,-0.5044,24364.61,19187.993
678,000929.SZ,20190318,7.7,7.99,7.65,7.93,7.7,0.23,2.987,40029.58,31497.976
679,000929.SZ,20190315,7.49,7.73,7.49,7.7,7.47,0.23,3.079,26832.57,20522.461
680,000929.SZ,20190314,7.6,7.73,7.34,7.47,7.6,-0.13,-1.7105,32497.9,24381.251
681,000929.SZ,20190313,7.72,7.82,7.55,7.6,7.74,-0.14,-1.8088,42007.47,32357.928
682,000929.SZ,20190312,7.69,7.87,7.67,7.74,7.69,0.05,0.6502,42859.75,33164.818
683,000929.SZ,20190311,7.42,7.72,7.42,7.69,7.42,0.27,3.6388,37222.41,28173.465
684,000929.SZ,20190308,7.75,7.75,7.35,7.42,7.85,-0.43,-5.4777,37982.65,28832.446
685,000929.SZ,20190307,7.54,8.0,7.49,7.85,7.56,0.29,3.836,65113.42,50439.987
686,000929.SZ,20190306,7.55,7.57,7.33,7.56,7.49,0.07,0.9346,48384.61,36095.685
687,000929.SZ,20190305,7.28,7.53,7.24,7.49,7.28,0.21,2.8846,38802.08,28636.549
688,000929.SZ,20190304,7.27,7.43,7.19,7.28,7.26,0.02,0.2755,31981.56,23352.162
689,000929.SZ,20190301,7.16,7.42,7.15,7.26,7.18,0.08,1.1142,36248.45,26302.07
690,000929.SZ,20190228,7.07,7.27,7.01,7.18,7.1,0.08,1.1268,24561.66,17606.537
691,000929.SZ,20190227,7.16,7.33,7.0,7.1,7.16,-0.06,-0.838,33715.4,24207.704
692,000929.SZ,20190226,7.15,7.3,7.05,7.16,7.15,0.01,0.1399,46078.17,32992.269
693,000929.SZ,20190225,6.87,7.2,6.81,7.15,6.83,0.32,4.6852,46138.38,32287.192
694,000929.SZ,20190222,6.7,6.83,6.66,6.83,6.72,0.11,1.6369,24567.38,16603.986
695,000929.SZ,20190221,6.68,6.85,6.67,6.72,6.68,0.04,0.5988,24610.1,16638.959
696,000929.SZ,20190220,6.61,6.71,6.59,6.68,6.64,0.04,0.6024,23560.28,15678.875
697,000929.SZ,20190219,6.69,6.73,6.58,6.64,6.68,-0.04,-0.5988,23463.37,15626.343
698,000929.SZ,20190218,6.49,6.72,6.49,6.68,6.49,0.19,2.9276,22829.57,15134.264
699,000929.SZ,20190215,6.47,6.5,6.43,6.49,6.47,0.02,0.3091,12139.0,7854.16
700,000929.SZ,20190214,6.46,6.55,6.43,6.47,6.5,-0.03,-0.4615,17638.21,11435.033
701,000929.SZ,20190213,6.34,6.61,6.26,6.5,6.34,0.16,2.5237,21825.05,14044.644
702,000929.SZ,20190212,6.17,6.35,6.17,6.34,6.25,0.09,1.44,9290.5,5846.416
703,000929.SZ,20190211,6.13,6.26,6.08,6.25,6.13,0.12,1.9576,10924.0,6756.745
704,000929.SZ,20190201,6.06,6.26,6.04,6.13,6.01,0.12,1.9967,7827.01,4815.197
705,000929.SZ,20190131,6.15,6.18,6.0,6.01,6.16,-0.15,-2.4351,12031.57,7339.94
706,000929.SZ,20190130,6.03,6.23,6.03,6.16,6.16,0.0,0.0,11444.93,7041.203
707,000929.SZ,20190129,6.42,6.48,6.04,6.16,6.45,-0.29,-4.4961,19855.05,12246.279
708,000929.SZ,20190128,6.46,6.55,6.42,6.45,6.45,0.0,0.0,10391.56,6715.767
709,000929.SZ,20190125,6.5,6.55,6.44,6.45,6.48,-0.03,-0.463,12095.0,7845.668
710,000929.SZ,20190124,6.46,6.52,6.41,6.48,6.46,0.02,0.3096,11030.59,7144.056
711,000929.SZ,20190123,6.52,6.6,6.43,6.46,6.58,-0.12,-1.8237,15892.52,10303.447
712,000929.SZ,20190122,6.77,6.77,6.54,6.58,6.79,-0.21,-3.0928,28130.03,18635.748
713,000929.SZ,20190121,6.61,6.9,6.5,6.79,6.65,0.14,2.1053,45053.81,30416.754
714,000929.SZ,20190118,6.46,6.94,6.46,6.65,6.41,0.24,3.7441,42206.22,28355.465
715,000929.SZ,20190117,6.57,6.59,6.38,6.41,6.57,-0.16,-2.4353,13248.85,8628.698
716,000929.SZ,20190116,6.58,6.64,6.51,6.57,6.67,-0.1,-1.4993,14699.0,9651.656
717,000929.SZ,20190115,6.41,6.76,6.41,6.67,6.53,0.14,2.144,23126.6,15260.757
718,000929.SZ,20190114,6.66,6.66,6.5,6.53,6.56,-0.03,-0.4573,9523.66,6260.179
719,000929.SZ,20190111,6.5,6.59,6.46,6.56,6.55,0.01,0.1527,9938.52,6502.398
720,000929.SZ,20190110,6.52,6.65,6.47,6.55,6.51,0.04,0.6144,14625.49,9585.382
721,000929.SZ,20190109,6.59,6.67,6.5,6.51,6.5,0.01,0.1538,14774.31,9760.357
722,000929.SZ,20190108,6.49,6.62,6.46,6.5,6.49,0.01,0.1541,13273.36,8667.257
723,000929.SZ,20190107,6.31,6.53,6.3,6.49,6.29,0.2,3.1797,16639.76,10696.507
724,000929.SZ,20190104,6.1,6.34,6.06,6.29,6.17,0.12,1.9449,13801.87,8599.392
725,000929.SZ,20190103,6.15,6.26,6.12,6.17,6.21,-0.04,-0.6441,16840.63,10405.411
726,000929.SZ,20190102,6.36,6.36,6.04,6.21,6.21,0.0,0.0,8144.54,5033.019
